,a1,a2,a3,a4,a5,a6,a7,a8,a9,a10,a11,a12,a13,a14,a15
0,b,30.83,0.0,u,g,w,v,1.25,t,t,1,f,g,202,0
1,a,58.67,4.46,u,g,q,h,3.04,t,t,6,f,g,43,560
2,a,24.5,0.5,u,g,q,h,1.5,t,f,0,f,g,280,824
3,b,27.83,1.54,u,g,w,v,3.75,t,t,5,t,g,100,3
4,b,20.17,5.625,u,g,w,v,1.71,t,f,0,f,s,120,0
5,b,32.08,4.0,u,g,m,v,2.5,t,f,0,t,g,360,0
6,b,33.17,1.04,u,g,r,h,6.5,t,f,0,t,g,164,31285
7,a,22.92,11.585,u,g,cc,v,0.04,t,f,0,f,g,80,1349
8,b,54.42,0.5,y,p,k,h,3.96,t,f,0,f,g,180,314
9,b,42.5,4.915,y,p,w,v,3.165,t,f,0,t,g,52,1442
10,b,22.08,0.83,u,g,c,h,2.165,f,f,0,t,g,128,0
11,b,29.92,1.835,u,g,c,h,4.335,t,f,0,f,g,260,200
12,a,38.25,6.0,u,g,k,v,1.0,t,f,0,t,g,0,0
13,b,48.08,6.04,u,g,k,v,0.04,f,f,0,f,g,0,2690
14,a,45.83,10.5,u,g,q,v,5.0,t,t,7,t,g,0,0
15,b,36.67,4.415,y,p,k,v,0.25,t,t,10,t,g,320,0
16,b,28.25,0.875,u,g,m,v,0.96,t,t,3,t,g,396,0
17,a,23.25,5.875,u,g,q,v,3.17,t,t,10,f,g,120,245
18,b,21.83,0.25,u,g,d,h,0.665,t,f,0,t,g,0,0
19,a,19.17,8.585,u,g,cc,h,0.75,t,t,7,f,g,96,0
20,b,25.0,11.25,u,g,c,v,2.5,t,t,17,f,g,200,1208
21,b,23.25,1.0,u,g,c,v,0.835,t,f,0,f,s,300,0
22,a,47.75,8.0,u,g,c,v,7.875,t,t,6,t,g,0,1260
23,a,27.42,14.5,u,g,x,h,3.085,t,t,1,f,g,120,11
24,a,41.17,6.5,u,g,q,v,0.5,t,t,3,t,g,145,0
25,a,15.83,0.585,u,g,c,h,1.5,t,t,2,f,g,100,0
26,a,47.0,13.0,u,g,i,bb,5.165,t,t,9,t,g,0,0
27,b,56.58,18.5,u,g,d,bb,15.0,t,t,17,t,g,0,0
28,b,57.42,8.5,u,g,e,h,7.0,t,t,3,f,g,0,0
29,b,42.08,1.04,u,g,w,v,5.0,t,t,6,t,g,500,10000
30,b,29.25,14.79,u,g,aa,v,5.04,t,t,5,t,g,168,0
31,b,42.0,9.79,u,g,x,h,7.96,t,t,8,f,g,0,0
32,b,49.5,7.585,u,g,i,bb,7.585,t,t,15,t,g,0,5000
33,a,36.75,5.125,u,g,e,v,5.0,t,f,0,t,g,0,4000
34,a,22.58,10.75,u,g,q,v,0.415,t,t,5,t,g,0,560
35,b,27.83,1.5,u,g,w,v,2.0,t,t,11,t,g,434,35
36,b,27.25,1.585,u,g,cc,h,1.835,t,t,12,t,g,583,713
37,a,23.0,11.75,u,g,x,h,0.5,t,t,2,t,g,300,551
38,b,27.75,0.585,y,p,cc,v,0.25,t,t,2,f,g,260,500
39,b,54.58,9.415,u,g,ff,ff,14.415,t,t,11,t,g,30,300
40,b,34.17,9.17,u,g,c,v,4.5,t,t,12,t,g,0,221
41,b,28.92,15.0,u,g,c,h,5.335,t,t,11,f,g,0,2283
42,b,29.67,1.415,u,g,w,h,0.75,t,t,1,f,g,240,100
43,b,39.58,13.915,u,g,w,v,8.625,t,t,6,t,g,70,0
44,b,56.42,28.0,y,p,c,v,28.5,t,t,40,f,g,0,15
45,b,54.33,6.75,u,g,c,h,2.625,t,t,11,t,g,0,284
46,a,41.0,2.04,y,p,q,h,0.125,t,t,23,t,g,455,1236
47,b,31.92,4.46,u,g,cc,h,6.04,t,t,3,f,g,311,300
48,b,41.5,1.54,u,g,i,bb,3.5,f,f,0,f,g,216,0
49,b,23.92,0.665,u,g,c,v,0.165,f,f,0,f,g,100,0
50,a,25.75,0.5,u,g,c,h,0.875,t,f,0,t,g,491,0
51,b,26.0,1.0,u,g,q,v,1.75,t,f,0,t,g,280,0
52,b,37.42,2.04,u,g,w,v,0.04,t,f,0,t,g,400,5800
53,b,34.92,2.5,u,g,w,v,0.0,t,f,0,t,g,239,200
54,b,34.25,3.0,u,g,cc,h,7.415,t,f,0,t,g,0,0
55,b,23.33,11.625,y,p,w,v,0.835,t,f,0,t,g,160,300
56,b,23.17,0.0,u,g,cc,v,0.085,t,f,0,f,g,0,0
57,b,44.33,0.5,u,g,i,h,5.0,t,f,0,t,g,320,0
58,b,35.17,4.5,u,g,x,h,5.75,f,f,0,t,s,711,0
59,b,43.25,3.0,u,g,q,h,6.0,t,t,11,f,g,80,0
60,b,56.75,12.25,u,g,m,v,1.25,t,t,4,t,g,200,0
61,b,31.67,16.165,u,g,d,v,3.0,t,t,9,f,g,250,730
62,a,23.42,0.79,y,p,q,v,1.5,t,t,2,t,g,80,400
63,a,20.42,0.835,u,g,q,v,1.585,t,t,1,f,g,0,0
64,b,26.67,4.25,u,g,cc,v,4.29,t,t,1,t,g,120,0
65,b,34.17,1.54,u,g,cc,v,1.54,t,t,1,t,g,520,50000
66,a,36.0,1.0,u,g,c,v,2.0,t,t,11,f,g,0,456
67,b,25.5,0.375,u,g,m,v,0.25,t,t,3,f,g,260,15108
68,b,19.42,6.5,u,g,w,h,1.46,t,t,7,f,g,80,2954
69,b,35.17,25.125,u,g,x,h,1.625,t,t,1,t,g,515,500
70,b,32.33,7.5,u,g,e,bb,1.585,t,f,0,t,s,420,0
71,a,38.58,5.0,u,g,cc,v,13.5,t,f,0,t,g,980,0
72,b,44.25,0.5,u,g,m,v,10.75,t,f,0,f,s,400,0
73,b,44.83,7.0,y,p,c,v,1.625,f,f,0,f,g,160,2
74,b,20.67,5.29,u,g,q,v,0.375,t,t,1,f,g,160,0
75,b,34.08,6.5,u,g,aa,v,0.125,t,f,0,t,g,443,0
76,a,19.17,0.585,y,p,aa,v,0.585,t,f,0,t,g,160,0
77,b,21.67,1.165,y,p,k,v,2.5,t,t,1,f,g,180,20
78,b,21.5,9.75,u,g,c,v,0.25,t,f,0,f,g,140,0
79,b,49.58,19.0,u,g,ff,ff,0.0,t,t,1,f,g,94,0
80,a,27.67,1.5,u,g,m,v,2.0,t,f,0,f,s,368,0
81,b,39.83,0.5,u,g,m,v,0.25,t,f,0,f,s,288,0
82,b,27.25,0.625,u,g,aa,v,0.455,t,f,0,t,g,200,0
83,b,37.17,4.0,u,g,c,bb,5.0,t,f,0,t,s,280,0
84,b,25.67,2.21,y,p,aa,v,4.0,t,f,0,f,g,188,0
85,b,34.0,4.5,u,g,aa,v,1.0,t,f,0,t,g,240,0
86,a,49.0,1.5,u,g,j,j,0.0,t,f,0,t,g,100,27
87,b,62.5,12.75,y,p,c,h,5.0,t,f,0,f,g,112,0
88,b,31.42,15.5,u,g,c,v,0.5,t,f,0,f,g,120,0
89,b,52.33,1.375,y,p,c,h,9.46,t,f,0,t,g,200,100
90,b,28.75,1.5,y,p,c,v,1.5,t,f,0,t,g,0,225
91,a,28.58,3.54,u,g,i,bb,0.5,t,f,0,t,g,171,0
92,b,23.0,0.625,y,p,aa,v,0.125,t,f,0,f,g,180,1
93,a,22.5,11.0,y,p,q,v,3.0,t,f,0,t,g,268,0
94,a,28.5,1.0,u,g,q,v,1.0,t,t,2,t,g,167,500
95,b,37.5,1.75,y,p,c,bb,0.25,t,f,0,t,g,164,400
96,b,35.25,16.5,y,p,c,v,4.0,t,f,0,f,g,80,0
97,b,18.67,5.0,u,g,q,v,0.375,t,t,2,f,g,0,38
98,b,25.0,12.0,u,g,k,v,2.25,t,t,2,t,g,120,5
99,b,27.83,4.0,y,p,i,h,5.75,t,t,2,t,g,75,0
100,b,54.83,15.5,u,g,e,z,0.0,t,t,20,f,g,152,130
101,b,28.75,1.165,u,g,k,v,0.5,t,f,0,f,s,280,0
102,a,25.0,11.0,y,p,aa,v,4.5,t,f,0,f,g,120,0
103,b,40.92,2.25,y,p,x,h,10.0,t,f,0,t,g,176,0
104,a,19.75,0.75,u,g,c,v,0.795,t,t,5,t,g,140,5
105,b,29.17,3.5,u,g,w,v,3.5,t,t,3,t,g,329,0
106,a,24.5,1.04,y,p,ff,ff,0.5,t,t,3,f,g,180,147
107,b,24.58,12.5,u,g,w,v,0.875,t,f,0,t,g,260,0
108,a,33.75,0.75,u,g,k,bb,1.0,t,t,3,t,g,212,0
109,b,20.67,1.25,y,p,c,h,1.375,t,t,3,t,g,140,210
110,a,25.42,1.125,u,g,q,v,1.29,t,t,2,f,g,200,0
111,b,37.75,7.0,u,g,q,h,11.5,t,t,7,t,g,300,5
112,b,52.5,6.5,u,g,k,v,6.29,t,t,15,f,g,0,11202
113,b,57.83,7.04,u,g,m,v,14.0,t,t,6,t,g,360,1332
114,a,20.75,10.335,u,g,cc,h,0.335,t,t,1,t,g,80,50
115,b,39.92,6.21,u,g,q,v,0.04,t,t,1,f,g,200,300
116,b,25.67,12.5,u,g,cc,v,1.21,t,t,67,t,g,140,258
117,a,24.75,12.5,u,g,aa,v,1.5,t,t,12,t,g,120,567
118,a,44.17,6.665,u,g,q,v,7.375,t,t,3,t,g,0,0
119,a,23.5,9.0,u,g,q,v,8.5,t,t,5,t,g,120,0
120,b,34.92,5.0,u,g,x,h,7.5,t,t,6,t,g,0,1000
121,b,47.67,2.5,u,g,m,bb,2.5,t,t,12,t,g,410,2510
122,b,22.75,11.0,u,g,q,v,2.5,t,t,7,t,g,100,809
123,b,34.42,4.25,u,g,i,bb,3.25,t,t,2,f,g,274,610
124,a,28.42,3.5,u,g,w,v,0.835,t,f,0,f,s,280,0
125,b,67.75,5.5,u,g,e,z,13.0,t,t,1,t,g,0,0
126,b,20.42,1.835,u,g,c,v,2.25,t,t,1,f,g,100,150
127,a,47.42,8.0,u,g,e,bb,6.5,t,t,6,f,g,375,51100
128,b,36.25,5.0,u,g,c,bb,2.5,t,t,6,f,g,0,367
129,b,32.67,5.5,u,g,q,h,5.5,t,t,12,t,g,408,1000
130,b,48.58,6.5,u,g,q,h,6.0,t,f,0,t,g,350,0
131,b,39.92,0.54,y,p,aa,v,0.5,t,t,3,f,g,200,1000
132,b,33.58,2.75,u,g,m,v,4.25,t,t,6,f,g,204,0
133,a,18.83,9.5,u,g,w,v,1.625,t,t,6,t,g,40,600
134,a,26.92,13.5,u,g,q,h,5.0,t,t,2,f,g,0,5000
135,a,31.25,3.75,u,g,cc,h,0.625,t,t,9,t,g,181,0
136,a,56.5,16.0,u,g,j,ff,0.0,t,t,15,f,g,0,247
137,b,43.0,0.29,y,p,cc,h,1.75,t,t,8,f,g,100,375
138,b,22.33,11.0,u,g,w,v,2.0,t,t,1,f,g,80,278
139,b,27.25,1.665,u,g,cc,h,5.085,t,t,9,f,g,399,827
140,b,32.83,2.5,u,g,cc,h,2.75,t,t,6,f,g,160,2072
141,b,23.25,1.5,u,g,q,v,2.375,t,t,3,t,g,0,582
142,a,40.33,7.54,y,p,q,h,8.0,t,t,14,f,g,0,2300
143,a,30.5,6.5,u,g,c,bb,4.0,t,t,7,t,g,0,3065
144,a,52.83,15.0,u,g,c,v,5.5,t,t,14,f,g,0,2200
145,a,46.67,0.46,u,g,cc,h,0.415,t,t,11,t,g,440,6
146,a,58.33,10.0,u,g,q,v,4.0,t,t,14,f,g,0,1602
147,b,37.33,6.5,u,g,m,h,4.25,t,t,12,t,g,93,0
148,b,23.08,2.5,u,g,c,v,1.085,t,t,11,t,g,60,2184
149,b,32.75,1.5,u,g,cc,h,5.5,t,t,3,t,g,0,0
150,a,21.67,11.5,y,p,j,j,0.0,t,t,11,t,g,0,0
151,a,28.5,3.04,y,p,x,h,2.54,t,t,1,f,g,70,0
152,a,68.67,15.0,u,g,e,z,0.0,t,t,14,f,g,0,3376
153,b,28.0,2.0,u,g,k,h,4.165,t,t,2,t,g,181,0
154,b,34.08,0.08,y,p,m,bb,0.04,t,t,1,t,g,280,2000
155,b,27.67,2.0,u,g,x,h,1.0,t,t,4,f,g,140,7544
156,b,44.0,2.0,u,g,m,v,1.75,t,t,2,t,g,0,15
157,b,25.08,1.71,u,g,x,v,1.665,t,t,1,t,g,395,20
158,b,32.0,1.75,y,p,e,h,0.04,t,f,0,t,g,393,0
159,a,60.58,16.5,u,g,q,v,11.0,t,f,0,t,g,21,10561
160,a,40.83,10.0,u,g,q,h,1.75,t,f,0,f,g,29,837
161,b,19.33,9.5,u,g,q,v,1.0,t,f,0,t,g,60,400
162,a,32.33,0.54,u,g,cc,v,0.04,t,f,0,f,g,440,11177
163,b,36.67,3.25,u,g,q,h,9.0,t,f,0,t,g,102,639
164,b,37.5,1.125,y,p,d,v,1.5,f,f,0,t,g,431,0
165,a,25.08,2.54,y,p,aa,v,0.25,t,f,0,t,g,370,0
166,b,41.33,0.0,u,g,c,bb,15.0,t,f,0,f,g,0,0
167,b,56.0,12.5,u,g,k,h,8.0,t,f,0,t,g,24,2028
168,a,49.83,13.585,u,g,k,h,8.5,t,f,0,t,g,0,0
169,b,22.67,10.5,u,g,q,h,1.335,t,f,0,f,g,100,0
170,b,27.0,1.5,y,p,w,v,0.375,t,f,0,t,g,260,1065
171,b,25.0,12.5,u,g,aa,v,3.0,t,f,0,t,s,20,0
172,a,26.08,8.665,u,g,aa,v,1.415,t,f,0,f,g,160,150
173,a,18.42,9.25,u,g,q,v,1.21,t,t,4,f,g,60,540
174,b,20.17,8.17,u,g,aa,v,1.96,t,t,14,f,g,60,158
175,b,47.67,0.29,u,g,c,bb,15.0,t,t,20,f,g,0,15000
176,a,21.25,2.335,u,g,i,bb,0.5,t,t,4,f,s,80,0
177,a,20.67,3.0,u,g,q,v,0.165,t,t,3,f,g,100,6
178,a,57.08,19.5,u,g,c,v,5.5,t,t,7,f,g,0,3000
179,a,22.42,5.665,u,g,q,v,2.585,t,t,7,f,g,129,3257
180,b,48.75,8.5,u,g,c,h,12.5,t,t,9,f,g,181,1655
181,b,40.0,6.5,u,g,aa,bb,3.5,t,t,1,f,g,0,500
182,b,40.58,5.0,u,g,c,v,5.0,t,t,7,f,g,0,3065
183,a,28.67,1.04,u,g,c,v,2.5,t,t,5,t,g,300,1430
184,a,33.08,4.625,u,g,q,h,1.625,t,t,2,f,g,0,0
185,b,21.33,10.5,u,g,c,v,3.0,t,f,0,t,g,0,0
186,b,42.0,0.205,u,g,i,h,5.125,t,f,0,f,g,400,0
187,b,41.75,0.96,u,g,x,v,2.5,t,f,0,f,g,510,600
188,b,22.67,1.585,y,p,w,v,3.085,t,t,6,f,g,80,0
189,b,34.5,4.04,y,p,i,bb,8.5,t,t,7,t,g,195,0
190,b,28.25,5.04,y,p,c,bb,1.5,t,t,8,t,g,144,7
191,b,33.17,3.165,y,p,x,v,3.165,t,t,3,t,g,380,0
192,b,48.17,7.625,u,g,w,h,15.5,t,t,12,f,g,0,790
193,b,27.58,2.04,y,p,aa,v,2.0,t,t,3,t,g,370,560
194,b,22.58,10.04,u,g,x,v,0.04,t,t,9,f,g,60,396
195,a,24.08,0.5,u,g,q,h,1.25,t,t,1,f,g,0,678
196,a,41.33,1.0,u,g,i,bb,2.25,t,f,0,t,g,0,300
197,a,20.75,10.25,u,g,q,v,0.71,t,t,2,t,g,49,0
198,b,36.33,2.125,y,p,w,v,0.085,t,t,1,f,g,50,1187
199,a,35.42,12.0,u,g,q,h,14.0,t,t,8,f,g,0,6590
200,b,28.67,9.335,u,g,q,h,5.665,t,t,6,f,g,381,168
201,b,35.17,2.5,u,g,k,v,4.5,t,t,7,f,g,150,1270
202,b,39.5,4.25,u,g,c,bb,6.5,t,t,16,f,g,117,1210
203,b,39.33,5.875,u,g,cc,h,10.0,t,t,14,t,g,399,0
204,b,24.33,6.625,y,p,d,v,5.5,t,f,0,t,s,100,0
205,b,60.08,14.5,u,g,ff,ff,18.0,t,t,15,t,g,0,1000
206,b,23.08,11.5,u,g,i,v,3.5,t,t,9,f,g,56,742
207,b,26.67,2.71,y,p,cc,v,5.25,t,t,1,f,g,211,0
208,b,48.17,3.5,u,g,aa,v,3.5,t,f,0,f,s,230,0
209,b,41.17,4.04,u,g,cc,h,7.0,t,t,8,f,g,320,0
210,b,55.92,11.5,u,g,ff,ff,5.0,t,t,5,f,g,0,8851
211,b,53.92,9.625,u,g,e,v,8.665,t,t,5,f,g,0,0
212,a,18.92,9.25,y,p,c,v,1.0,t,t,4,t,g,80,500
213,a,50.08,12.54,u,g,aa,v,2.29,t,t,3,t,g,156,0
214,b,65.42,11.0,u,g,e,z,20.0,t,t,7,t,g,22,0
215,a,17.58,9.0,u,g,aa,v,1.375,t,f,0,t,g,0,0
216,a,18.83,9.54,u,g,aa,v,0.085,t,f,0,f,g,100,0
217,a,37.75,5.5,u,g,q,v,0.125,t,f,0,t,g,228,0
218,b,23.25,4.0,u,g,c,bb,0.25,t,f,0,t,g,160,0
219,b,18.08,5.5,u,g,k,v,0.5,t,f,0,f,g,80,0
220,a,22.5,8.46,y,p,x,v,2.46,f,f,0,f,g,164,0
221,b,19.67,0.375,u,g,q,v,2.0,t,t,2,t,g,80,0
222,b,22.08,11.0,u,g,cc,v,0.665,t,f,0,f,g,100,0
223,b,25.17,3.5,u,g,cc,v,0.625,t,t,7,f,g,0,7059
224,a,47.42,3.0,u,g,x,v,13.875,t,t,2,t,g,519,1704
225,b,33.5,1.75,u,g,x,h,4.5,t,t,4,t,g,253,857
226,b,27.67,13.75,u,g,w,v,5.75,t,f,0,t,g,487,500
227,a,58.42,21.0,u,g,i,bb,10.0,t,t,13,f,g,0,6700
228,a,20.67,1.835,u,g,q,v,2.085,t,t,5,f,g,220,2503
229,b,26.17,0.25,u,g,i,bb,0.0,t,f,0,t,g,0,0
230,b,21.33,7.5,u,g,aa,v,1.415,t,t,1,f,g,80,9800
231,b,42.83,4.625,u,g,q,v,4.58,t,f,0,f,s,0,0
232,b,38.17,10.125,u,g,x,v,2.5,t,t,6,f,g,520,196
233,b,20.5,10.0,y,p,c,v,2.5,t,f,0,f,s,40,0
234,b,48.25,25.085,u,g,w,v,1.75,t,t,3,f,g,120,14
235,b,28.33,5.0,u,g,w,v,11.0,t,f,0,t,g,70,0
236,b,18.5,2.0,u,g,i,v,1.5,t,t,2,f,g,120,300
237,b,33.17,3.04,y,p,c,h,2.04,t,t,1,t,g,180,18027
238,b,45.0,8.5,u,g,cc,h,14.0,t,t,1,t,g,88,2000
239,a,19.67,0.21,u,g,q,h,0.29,t,t,11,f,g,80,99
240,b,21.83,11.0,u,g,x,v,0.29,t,t,6,f,g,121,0
241,b,40.25,21.5,u,g,e,z,20.0,t,t,11,f,g,0,1200
242,b,41.42,5.0,u,g,q,h,5.0,t,t,6,t,g,470,0
243,a,17.83,11.0,u,g,x,h,1.0,t,t,11,f,g,0,3000
244,b,23.17,11.125,u,g,x,h,0.46,t,t,1,f,g,100,0
245,b,18.17,10.25,u,g,c,h,1.085,f,f,0,f,g,320,13
246,b,20.0,11.045,u,g,c,v,2.0,f,f,0,t,g,136,0
247,b,20.0,0.0,u,g,d,v,0.5,f,f,0,f,g,144,0
248,a,20.75,9.54,u,g,i,v,0.04,f,f,0,f,g,200,1000
249,a,24.5,1.75,y,p,c,v,0.165,f,f,0,f,g,132,0
250,b,32.75,2.335,u,g,d,h,5.75,f,f,0,t,g,292,0
251,a,52.17,0.0,y,p,ff,ff,0.0,f,f,0,f,g,0,0
252,a,48.17,1.335,u,g,i,o,0.335,f,f,0,f,g,0,120
253,a,20.42,10.5,y,p,x,h,0.0,f,f,0,t,g,154,32
254,b,50.75,0.585,u,g,ff,ff,0.0,f,f,0,f,g,145,0
255,b,17.08,0.085,y,p,c,v,0.04,f,f,0,f,g,140,722
256,b,18.33,1.21,y,p,e,dd,0.0,f,f,0,f,g,100,0
257,a,32.0,6.0,u,g,d,v,1.25,f,f,0,f,g,272,0
258,b,59.67,1.54,u,g,q,v,0.125,t,f,0,t,g,260,0
259,b,18.0,0.165,u,g,q,n,0.21,f,f,0,f,g,200,40
260,b,32.33,2.5,u,g,c,v,1.25,f,f,0,t,g,280,0
261,b,18.08,6.75,y,p,m,v,0.04,f,f,0,f,g,140,0
262,b,38.25,10.125,y,p,k,v,0.125,f,f,0,f,g,160,0
263,b,30.67,2.5,u,g,cc,h,2.25,f,f,0,t,s,340,0
264,b,18.58,5.71,u,g,d,v,0.54,f,f,0,f,g,120,0
265,a,19.17,5.415,u,g,i,h,0.29,f,f,0,f,g,80,484
266,a,18.17,10.0,y,p,q,h,0.165,f,f,0,f,g,340,0
267,b,16.25,0.835,u,g,m,v,0.085,t,f,0,f,s,200,0
268,b,21.17,0.875,y,p,c,h,0.25,f,f,0,f,g,280,204
269,b,23.92,0.585,y,p,cc,h,0.125,f,f,0,f,g,240,1
270,b,17.67,4.46,u,g,c,v,0.25,f,f,0,f,s,80,0
271,a,16.5,1.25,u,g,q,v,0.25,f,t,1,f,g,108,98
272,b,23.25,12.625,u,g,c,v,0.125,f,t,2,f,g,0,5552
273,b,17.58,10.0,u,g,w,h,0.165,f,t,1,f,g,120,1
274,b,29.5,0.58,u,g,w,v,0.29,f,t,1,f,g,340,2803
275,b,18.83,0.415,y,p,c,v,0.165,f,t,1,f,g,200,1
276,a,21.75,1.75,y,p,j,j,0.0,f,f,0,f,g,160,0
277,b,23.0,0.75,u,g,m,v,0.5,f,f,0,t,s,320,0
278,a,18.25,10.0,u,g,w,v,1.0,f,t,1,f,g,120,1
279,b,25.42,0.54,u,g,w,v,0.165,f,t,1,f,g,272,444
280,b,35.75,2.415,u,g,w,v,0.125,f,t,2,f,g,220,1
281,a,16.08,0.335,u,g,ff,ff,0.0,f,t,1,f,g,160,126
282,a,31.92,3.125,u,g,ff,ff,3.04,f,t,2,t,g,200,4
283,b,69.17,9.0,u,g,ff,ff,4.0,f,t,1,f,g,70,6
284,b,32.92,2.5,u,g,aa,v,1.75,f,t,2,t,g,720,0
285,b,16.33,2.75,u,g,aa,v,0.665,f,t,1,f,g,80,21
286,b,22.17,12.125,u,g,c,v,3.335,f,t,2,t,g,180,173
287,a,57.58,2.0,u,g,ff,ff,6.5,f,t,1,f,g,0,10
288,b,18.25,0.165,u,g,d,v,0.25,f,f,0,t,s,280,0
289,b,23.42,1.0,u,g,c,v,0.5,f,f,0,t,s,280,0
290,a,15.92,2.875,u,g,q,v,0.085,f,f,0,f,g,120,0
291,a,24.75,13.665,u,g,q,h,1.5,f,f,0,f,g,280,1
292,b,48.75,26.335,y,p,ff,ff,0.0,t,f,0,t,g,0,0
293,b,23.5,2.75,u,g,ff,ff,4.5,f,f,0,f,g,160,25
294,b,18.58,10.29,u,g,ff,ff,0.415,f,f,0,f,g,80,0
295,b,27.75,1.29,u,g,k,h,0.25,f,f,0,t,s,140,0
296,a,31.75,3.0,y,p,j,j,0.0,f,f,0,f,g,160,20
297,a,24.83,4.5,u,g,w,v,1.0,f,f,0,t,g,360,6
298,b,19.0,1.75,y,p,c,v,2.335,f,f,0,t,g,112,6
299,a,16.33,0.21,u,g,aa,v,0.125,f,f,0,f,g,200,1
300,a,18.58,10.0,u,g,d,v,0.415,f,f,0,f,g,80,42
301,b,16.25,0.0,y,p,aa,v,0.25,f,f,0,f,g,60,0
302,b,23.0,0.75,u,g,m,v,0.5,t,f,0,t,s,320,0
303,b,21.17,0.25,y,p,c,h,0.25,f,f,0,f,g,280,204
304,b,17.5,22.0,l,gg,ff,o,0.0,f,f,0,t,p,450,100000
305,b,19.17,0.0,y,p,m,bb,0.0,f,f,0,t,s,500,1
306,b,36.75,0.125,y,p,c,v,1.5,f,f,0,t,g,232,113
307,b,21.25,1.5,u,g,w,v,1.5,f,f,0,f,g,150,8
308,a,18.08,0.375,l,gg,cc,ff,10.0,f,f,0,t,s,300,0
309,a,33.67,0.375,u,g,cc,v,0.375,f,f,0,f,g,300,44
310,b,48.58,0.205,y,p,k,v,0.25,t,t,11,f,g,380,2732
311,b,33.67,1.25,u,g,w,v,1.165,f,f,0,f,g,120,0
312,a,29.5,1.085,y,p,x,v,1.0,f,f,0,f,g,280,13
313,b,30.17,1.085,y,p,c,v,0.04,f,f,0,f,g,170,179
314,b,34.83,2.5,y,p,w,v,3.0,f,f,0,f,s,200,0
315,a,33.25,2.5,y,p,c,v,2.5,f,f,0,t,g,0,2
316,b,34.08,2.5,u,g,c,v,1.0,f,f,0,f,g,460,16
317,a,25.25,12.5,u,g,d,v,1.0,f,f,0,t,g,180,1062
318,b,34.75,2.5,u,g,cc,bb,0.5,f,f,0,f,g,348,0
319,b,27.67,0.75,u,g,q,h,0.165,f,f,0,t,g,220,251
320,b,47.33,6.5,u,g,c,v,1.0,f,f,0,t,g,0,228
321,a,34.83,1.25,y,p,i,h,0.5,f,f,0,t,g,160,0
322,a,33.25,3.0,y,p,aa,v,2.0,f,f,0,f,g,180,0
323,b,28.0,3.0,u,g,w,v,0.75,f,f,0,t,g,300,67
324,a,39.08,4.0,u,g,c,v,3.0,f,f,0,f,g,480,0
325,b,42.75,4.085,u,g,aa,v,0.04,f,f,0,f,g,108,100
326,b,26.92,2.25,u,g,i,bb,0.5,f,f,0,t,g,640,4000
327,b,33.75,2.75,u,g,i,bb,0.0,f,f,0,f,g,180,0
328,b,38.92,1.75,u,g,k,v,0.5,f,f,0,t,g,300,2
329,b,62.75,7.0,u,g,e,z,0.0,f,f,0,f,g,0,12
330,b,26.75,4.5,y,p,c,bb,2.5,f,f,0,f,g,200,1210
331,b,63.33,0.54,u,g,c,v,0.585,t,t,3,t,g,180,0
332,b,27.83,1.5,u,g,w,v,2.25,f,t,1,t,g,100,3
333,a,26.17,2.0,u,g,j,j,0.0,f,f,0,t,g,276,1
334,b,22.17,0.585,y,p,ff,ff,0.0,f,f,0,f,g,100,0
335,b,22.5,11.5,y,p,m,v,1.5,f,f,0,t,g,0,4000
336,b,30.75,1.585,u,g,d,v,0.585,f,f,0,t,s,0,0
337,b,36.67,2.0,u,g,i,v,0.25,f,f,0,t,g,221,0
338,a,16.0,0.165,u,g,aa,v,1.0,f,t,2,t,g,320,1
339,b,41.17,1.335,u,g,d,v,0.165,f,f,0,f,g,168,0
340,a,19.5,0.165,u,g,q,v,0.04,f,f,0,t,g,380,0
341,b,32.42,3.0,u,g,d,v,0.165,f,f,0,t,g,120,0
342,a,36.75,4.71,u,g,ff,ff,0.0,f,f,0,f,g,160,0
343,a,30.25,5.5,u,g,k,v,5.5,f,f,0,t,s,100,0
344,b,23.08,2.5,u,g,ff,ff,0.085,f,f,0,t,g,100,4208
345,b,26.83,0.54,u,g,k,ff,0.0,f,f,0,f,g,100,0
346,b,16.92,0.335,y,p,k,v,0.29,f,f,0,f,s,200,0
347,b,24.42,2.0,u,g,e,dd,0.165,f,t,2,f,g,320,1300
348,b,42.83,1.25,u,g,m,v,13.875,f,t,1,t,g,352,112
349,a,22.75,6.165,u,g,aa,v,0.165,f,f,0,f,g,220,1000
350,b,39.42,1.71,y,p,m,v,0.165,f,f,0,f,s,400,0
351,a,23.58,11.5,y,p,k,h,3.0,f,f,0,t,g,20,16
352,b,21.42,0.75,y,p,r,n,0.75,f,f,0,t,g,132,2
353,b,33.0,2.5,y,p,w,v,7.0,f,f,0,t,g,280,0
354,b,26.33,13.0,u,g,e,dd,0.0,f,f,0,t,g,140,1110
355,a,45.0,4.585,u,g,k,h,1.0,f,f,0,t,s,240,0
356,b,26.25,1.54,u,g,w,v,0.125,f,f,0,f,g,100,0
357,a,20.83,0.5,y,p,e,dd,1.0,f,f,0,f,g,260,0
358,b,28.67,14.5,u,g,d,v,0.125,f,f,0,f,g,0,286
359,b,20.67,0.835,y,p,c,v,2.0,f,f,0,t,s,240,0
360,b,34.42,1.335,u,g,i,bb,0.125,f,f,0,t,g,440,4500
361,b,33.58,0.25,u,g,i,bb,4.0,f,f,0,t,s,420,0
362,b,43.17,5.0,u,g,i,bb,2.25,f,f,0,t,g,141,0
363,a,22.67,7.0,u,g,c,v,0.165,f,f,0,f,g,160,0
364,a,24.33,2.5,y,p,i,bb,4.5,f,f,0,f,g,200,456
365,a,56.83,4.25,y,p,ff,ff,5.0,f,f,0,t,g,0,4
366,b,22.08,11.46,u,g,k,v,1.585,f,f,0,t,g,100,1212
367,b,34.0,5.5,y,p,c,v,1.5,f,f,0,t,g,60,0
368,b,22.58,1.5,y,p,aa,v,0.54,f,f,0,t,g,120,67
369,b,21.17,0.0,u,g,c,v,0.5,f,f,0,t,s,0,0
370,b,26.67,14.585,u,g,i,bb,0.0,f,f,0,t,g,178,0
371,b,22.92,0.17,u,g,m,v,0.085,f,f,0,f,s,0,0
372,b,15.17,7.0,u,g,e,v,1.0,f,f,0,f,g,600,0
373,b,39.92,5.0,u,g,i,bb,0.21,f,f,0,f,g,550,0
374,b,27.42,12.5,u,g,aa,bb,0.25,f,f,0,t,g,720,0
375,b,24.75,0.54,u,g,m,v,1.0,f,f,0,t,g,120,1
376,b,41.17,1.25,y,p,w,v,0.25,f,f,0,f,g,0,195
377,a,33.08,1.625,u,g,d,v,0.54,f,f,0,t,g,0,0
378,b,29.83,2.04,y,p,x,h,0.04,f,f,0,f,g,128,1
379,a,23.58,0.585,y,p,ff,ff,0.125,f,f,0,f,g,120,87
380,b,26.17,12.5,y,p,k,h,1.25,f,f,0,t,g,0,17
381,b,31.0,2.085,u,g,c,v,0.085,f,f,0,f,g,300,0
382,b,20.75,5.085,y,p,j,v,0.29,f,f,0,f,g,140,184
383,b,28.92,0.375,u,g,c,v,0.29,f,f,0,f,g,220,140
384,a,51.92,6.5,u,g,i,bb,3.085,f,f,0,t,g,73,0
385,a,22.67,0.335,u,g,q,v,0.75,f,f,0,f,s,160,0
386,b,34.0,5.085,y,p,i,bb,1.085,f,f,0,t,g,480,0
387,a,69.5,6.0,u,g,ff,ff,0.0,f,f,0,f,s,0,0
388,a,19.58,0.665,y,p,c,v,1.0,f,t,1,f,g,2000,2
389,b,16.0,3.125,u,g,w,v,0.085,f,t,1,f,g,0,6
390,b,17.08,0.25,u,g,q,v,0.335,f,t,4,f,g,160,8
391,b,31.25,2.835,u,g,ff,ff,0.0,f,t,5,f,g,176,146
392,b,25.17,3.0,u,g,c,v,1.25,f,t,1,f,g,0,22
393,a,22.67,0.79,u,g,i,v,0.085,f,f,0,f,g,144,0
394,b,40.58,1.5,u,g,i,bb,0.0,f,f,0,f,s,300,0
395,b,22.25,0.46,u,g,k,v,0.125,f,f,0,t,g,280,55
396,a,22.25,1.25,y,p,ff,ff,3.25,f,f,0,f,g,280,0
397,b,22.5,0.125,y,p,k,v,0.125,f,f,0,f,g,200,70
398,b,23.58,1.79,u,g,c,v,0.54,f,f,0,t,g,136,1
399,b,38.42,0.705,u,g,c,v,0.375,f,t,2,f,g,225,500
400,a,26.58,2.54,y,p,ff,ff,0.0,f,f,0,t,g,180,60
401,b,35.0,2.5,u,g,i,v,1.0,f,f,0,t,g,210,0
402,b,20.42,1.085,u,g,q,v,1.5,f,f,0,f,g,108,7
403,b,29.42,1.25,u,g,w,v,1.75,f,f,0,f,g,200,0
404,b,26.17,0.835,u,g,cc,v,1.165,f,f,0,f,g,100,0
405,b,33.67,2.165,u,g,c,v,1.5,f,f,0,f,p,120,0
406,b,24.58,1.25,u,g,c,v,0.25,f,f,0,f,g,110,0
407,a,27.67,2.04,u,g,w,v,0.25,f,f,0,t,g,180,50
408,b,37.5,0.835,u,g,e,v,0.04,f,f,0,f,g,120,5
409,b,49.17,2.29,u,g,ff,ff,0.29,f,f,0,f,g,200,3
410,b,33.58,0.335,y,p,cc,v,0.085,f,f,0,f,g,180,0
411,b,51.83,3.0,y,p,ff,ff,1.5,f,f,0,f,g,180,4
412,b,22.92,3.165,y,p,c,v,0.165,f,f,0,f,g,160,1058
413,b,21.83,1.54,u,g,k,v,0.085,f,f,0,t,g,356,0
414,b,25.25,1.0,u,g,aa,v,0.5,f,f,0,f,g,200,0
415,b,58.58,2.71,u,g,c,v,2.415,f,f,0,t,g,320,0
416,b,19.0,0.0,y,p,ff,ff,0.0,f,t,4,f,g,45,1
417,b,19.58,0.585,u,g,ff,ff,0.0,f,t,3,f,g,350,769
418,a,53.33,0.165,u,g,ff,ff,0.0,f,f,0,t,s,62,27
419,a,27.17,1.25,u,g,ff,ff,0.0,f,t,1,f,g,92,300
420,b,25.92,0.875,u,g,k,v,0.375,f,t,2,t,g,174,3
421,b,23.08,0.0,u,g,k,v,1.0,f,t,11,f,s,0,0
422,b,39.58,5.0,u,g,ff,ff,0.0,f,t,2,f,g,17,1
423,b,30.58,2.71,y,p,m,v,0.125,f,f,0,t,s,80,0
424,b,17.25,3.0,u,g,k,v,0.04,f,f,0,t,g,160,40
425,a,17.67,0.0,y,p,j,ff,0.0,f,f,0,f,g,86,0
426,b,16.5,0.125,u,g,c,v,0.165,f,f,0,f,g,132,0
427,a,27.33,1.665,u,g,ff,ff,0.0,f,f,0,f,g,340,1
428,b,31.25,1.125,u,g,ff,ff,0.0,f,t,1,f,g,96,19
429,b,20.0,7.0,u,g,c,v,0.5,f,f,0,f,g,0,0
430,b,39.5,1.625,u,g,c,v,1.5,f,f,0,f,g,0,316
431,b,36.5,4.25,u,g,q,v,3.5,f,f,0,f,g,454,50
432,b,52.42,1.5,u,g,d,v,3.75,f,f,0,t,g,0,350
433,b,36.17,18.125,u,g,w,v,0.085,f,f,0,f,g,320,3552
434,b,29.67,0.75,y,p,c,v,0.04,f,f,0,f,g,240,0
435,b,36.17,5.5,u,g,i,bb,5.0,f,f,0,f,g,210,687
436,b,25.67,0.29,y,p,c,v,1.5,f,f,0,t,g,160,0
437,a,24.5,2.415,y,p,c,v,0.0,f,f,0,f,g,120,0
438,b,24.08,0.875,u,g,m,v,0.085,f,t,4,f,g,254,1950
439,b,21.92,0.5,u,g,c,v,0.125,f,f,0,f,g,360,0
440,a,36.58,0.29,u,g,ff,ff,0.0,f,t,10,f,g,200,18
441,a,23.0,1.835,u,g,j,j,0.0,f,t,1,f,g,200,53
442,a,27.58,3.0,u,g,m,v,2.79,f,t,1,t,g,280,10
443,b,31.08,3.085,u,g,c,v,2.5,f,t,2,t,g,160,41
444,a,30.42,1.375,u,g,w,h,0.04,f,t,3,f,g,0,33
445,b,22.08,2.335,u,g,k,v,0.75,f,f,0,f,g,180,0
446,b,16.33,4.085,u,g,i,h,0.415,f,f,0,t,g,120,0
447,a,21.92,11.665,u,g,k,h,0.085,f,f,0,f,g,320,5
448,b,21.08,4.125,y,p,i,h,0.04,f,f,0,f,g,140,100
449,b,17.42,6.5,u,g,i,v,0.125,f,f,0,f,g,60,100
450,b,19.17,4.0,y,p,i,v,1.0,f,f,0,t,g,360,1000
451,b,20.67,0.415,u,g,c,v,0.125,f,f,0,f,g,0,44
452,b,26.75,2.0,u,g,d,v,0.75,f,f,0,t,g,80,0
453,b,23.58,0.835,u,g,i,h,0.085,f,f,0,t,g,220,5
454,b,39.17,2.5,y,p,i,h,10.0,f,f,0,t,s,200,0
455,b,22.75,11.5,u,g,i,v,0.415,f,f,0,f,g,0,0
456,a,16.92,0.5,u,g,i,v,0.165,f,t,6,t,g,240,35
457,b,23.5,3.165,y,p,k,v,0.415,f,t,1,t,g,280,80
458,a,17.33,9.5,u,g,aa,v,1.75,f,t,10,t,g,0,10
459,b,23.75,0.415,y,p,c,v,0.04,f,t,2,f,g,128,6
460,b,34.67,1.08,u,g,m,v,1.165,f,f,0,f,s,28,0
461,b,74.83,19.0,y,p,ff,ff,0.04,f,t,2,f,g,0,351
462,b,28.17,0.125,y,p,k,v,0.085,f,f,0,f,g,216,2100
463,b,24.5,13.335,y,p,aa,v,0.04,f,f,0,t,g,120,475
464,b,18.83,3.54,y,p,ff,ff,0.0,f,f,0,t,g,180,1
465,a,47.25,0.75,u,g,q,h,2.75,t,t,1,f,g,333,892
466,b,24.17,0.875,u,g,q,v,4.625,t,t,2,t,g,520,2000
467,b,39.25,9.5,u,g,m,v,6.5,t,t,14,f,g,240,4607
468,a,20.5,11.835,u,g,c,h,6.0,t,f,0,f,g,340,0
469,a,18.83,4.415,y,p,c,h,3.0,t,f,0,f,g,240,0
470,b,19.17,9.5,u,g,w,v,1.5,t,f,0,f,g,120,2206
471,a,25.0,0.875,u,g,x,h,1.04,t,f,0,t,g,160,5860
472,b,20.17,9.25,u,g,c,v,1.665,t,t,3,t,g,40,28
473,b,25.75,0.5,u,g,c,v,1.46,t,t,5,t,g,312,0
474,b,20.42,7.0,u,g,c,v,1.625,t,t,3,f,g,200,1391
475,b,39.0,5.0,u,g,cc,v,3.5,t,t,10,t,g,0,0
476,a,64.08,0.165,u,g,ff,ff,0.0,t,t,1,f,g,232,100
477,b,28.25,5.125,u,g,x,v,4.75,t,t,2,f,g,420,7
478,a,28.75,3.75,u,g,c,v,1.085,t,t,1,t,g,371,0
479,b,31.33,19.5,u,g,c,v,7.0,t,t,16,f,g,0,5000
480,a,18.92,9.0,u,g,aa,v,0.75,t,t,2,f,g,88,591
481,a,24.75,3.0,u,g,q,h,1.835,t,t,19,f,g,0,500
482,a,30.67,12.0,u,g,c,v,2.0,t,t,1,f,g,220,19
483,b,21.0,4.79,y,p,w,v,2.25,t,t,1,t,g,80,300
484,b,13.75,4.0,y,p,w,v,1.75,t,t,2,t,g,120,1000
485,a,46.0,4.0,u,g,j,j,0.0,t,f,0,f,g,100,960
486,a,44.33,0.0,u,g,c,v,2.5,t,f,0,f,g,0,0
487,b,20.25,9.96,u,g,e,dd,0.0,t,f,0,f,g,0,0
488,b,22.67,2.54,y,p,c,h,2.585,t,f,0,f,g,0,0
489,a,60.92,5.0,u,g,aa,v,4.0,t,t,4,f,g,0,99
490,b,16.08,0.75,u,g,c,v,1.75,t,t,5,t,g,352,690
491,a,28.17,0.375,u,g,q,v,0.585,t,t,4,f,g,80,0
492,b,39.17,1.71,u,g,x,v,0.125,t,t,5,t,g,480,0
493,a,30.0,5.29,u,g,e,dd,2.25,t,t,5,t,g,99,500
494,b,22.83,3.0,u,g,m,v,1.29,t,t,1,f,g,260,800
495,a,22.5,8.5,u,g,q,v,1.75,t,t,10,f,g,80,990
496,a,28.58,1.665,u,g,q,v,2.415,t,f,0,t,g,440,0
497,b,45.17,1.5,u,g,c,v,2.5,t,f,0,t,g,140,0
498,b,41.58,1.75,u,g,k,v,0.21,t,f,0,f,g,160,0
499,a,57.08,0.335,u,g,i,bb,1.0,t,f,0,t,g,252,2197
500,a,55.75,7.08,u,g,k,h,6.75,t,t,3,t,g,100,50
501,b,43.25,25.21,u,g,q,h,0.21,t,t,1,f,g,760,90
502,a,25.33,2.085,u,g,c,h,2.75,t,f,0,t,g,360,1
503,a,24.58,0.67,u,g,aa,h,1.75,t,f,0,f,g,400,0
504,b,43.17,2.25,u,g,i,bb,0.75,t,f,0,f,g,560,0
505,b,40.92,0.835,u,g,ff,ff,0.0,t,f,0,f,g,130,1
506,b,31.83,2.5,u,g,aa,v,7.5,t,f,0,t,g,523,0
507,a,33.92,1.585,y,p,ff,ff,0.0,t,f,0,f,g,320,0
508,a,24.92,1.25,u,g,ff,ff,0.0,t,f,0,f,g,80,0
509,b,35.25,3.165,u,g,x,h,3.75,t,f,0,t,g,680,0
510,b,34.25,1.75,u,g,w,bb,0.25,t,f,0,t,g,163,0
511,b,19.42,1.5,y,p,cc,v,2.0,t,f,0,t,g,100,20
512,b,42.75,3.0,u,g,i,bb,1.0,t,f,0,f,g,0,200
513,b,19.67,10.0,y,p,k,h,0.835,t,f,0,t,g,140,0
514,b,36.33,3.79,u,g,w,v,1.165,t,f,0,t,g,200,0
515,b,30.08,1.04,y,p,i,bb,0.5,t,t,10,t,g,132,28
516,b,44.25,11.0,y,p,d,v,1.5,t,f,0,f,s,0,0
517,b,23.58,0.46,y,p,w,v,2.625,t,t,6,t,g,208,347
518,b,23.92,1.5,u,g,d,h,1.875,t,t,6,f,g,200,327
519,b,33.17,1.0,u,g,x,v,0.75,t,t,7,t,g,340,4071
520,b,48.33,12.0,u,g,m,v,16.0,t,f,0,f,s,110,0
521,b,76.75,22.29,u,g,e,z,12.75,t,t,1,t,g,0,109
522,b,51.33,10.0,u,g,i,bb,0.0,t,t,11,f,g,0,1249
523,b,34.75,15.0,u,g,r,n,5.375,t,t,9,t,g,0,134
524,b,38.58,3.335,u,g,w,v,4.0,t,t,14,f,g,383,1344
525,a,22.42,11.25,y,p,x,h,0.75,t,t,4,f,g,0,321
526,b,41.92,0.42,u,g,c,h,0.21,t,t,6,f,g,220,948
527,b,29.58,4.5,u,g,w,v,7.5,t,t,2,t,g,330,0
528,a,32.17,1.46,u,g,w,v,1.085,t,t,16,f,g,120,2079
529,b,51.42,0.04,u,g,x,h,0.04,t,f,0,f,g,0,3000
530,a,22.83,2.29,u,g,q,h,2.29,t,t,7,t,g,140,2384
531,a,25.0,12.33,u,g,cc,h,3.5,t,t,6,f,g,400,458
532,b,26.75,1.125,u,g,x,h,1.25,t,f,0,f,g,0,5298
533,b,23.33,1.5,u,g,c,h,1.415,t,f,0,f,g,422,200
534,b,24.42,12.335,u,g,q,h,1.585,t,f,0,t,g,120,0
535,b,42.17,5.04,u,g,q,h,12.75,t,f,0,t,g,92,0
536,a,20.83,3.0,u,g,aa,v,0.04,t,f,0,f,g,100,0
537,b,23.08,11.5,u,g,w,h,2.125,t,t,11,t,g,290,284
538,a,25.17,2.875,u,g,x,h,0.875,t,f,0,f,g,360,0
539,b,43.08,0.375,y,p,c,v,0.375,t,t,8,t,g,300,162
540,a,35.75,0.915,u,g,aa,v,0.75,t,t,4,f,g,0,1583
541,b,59.5,2.75,u,g,w,v,1.75,t,t,5,t,g,60,58
542,b,21.0,3.0,y,p,d,v,1.085,t,t,8,t,g,160,1
543,b,21.92,0.54,y,p,x,v,0.04,t,t,1,t,g,840,59
544,a,65.17,14.0,u,g,ff,ff,0.0,t,t,11,t,g,0,1400
545,a,20.33,10.0,u,g,c,h,1.0,t,t,4,f,g,50,1465
546,b,32.25,0.165,y,p,c,h,3.25,t,t,1,t,g,432,8000
547,b,30.17,0.5,u,g,c,v,1.75,t,t,11,f,g,32,540
548,b,25.17,6.0,u,g,c,v,1.0,t,t,3,f,g,0,0
549,b,39.17,1.625,u,g,c,v,1.5,t,t,10,f,g,186,4700
550,b,39.08,6.0,u,g,m,v,1.29,t,t,5,t,g,108,1097
551,b,31.67,0.83,u,g,x,v,1.335,t,t,8,t,g,303,3290
552,b,41.0,0.04,u,g,e,v,0.04,f,t,1,f,s,560,0
553,b,48.5,4.25,u,g,m,v,0.125,t,f,0,t,g,225,0
554,b,32.67,9.0,y,p,w,h,5.25,t,f,0,t,g,154,0
555,a,28.08,15.0,y,p,e,z,0.0,t,f,0,f,g,0,13212
556,b,73.42,17.75,u,g,ff,ff,0.0,t,f,0,t,g,0,0
557,b,64.08,20.0,u,g,x,h,17.5,t,t,9,t,g,0,1000
558,b,51.58,15.0,u,g,c,v,8.5,t,t,9,f,g,0,0
559,b,26.67,1.75,y,p,c,v,1.0,t,t,5,t,g,160,5777
560,b,25.33,0.58,u,g,c,v,0.29,t,t,7,t,g,96,5124
561,b,30.17,6.5,u,g,cc,v,3.125,t,t,8,f,g,330,1200
562,b,27.0,0.75,u,g,c,h,4.25,t,t,3,t,g,312,150
563,b,34.17,5.25,u,g,w,v,0.085,f,f,0,t,g,290,6
564,b,38.67,0.21,u,g,k,v,0.085,t,f,0,t,g,280,0
565,b,25.75,0.75,u,g,c,bb,0.25,t,f,0,f,g,349,23
566,a,46.08,3.0,u,g,c,v,2.375,t,t,8,t,g,396,4159
567,a,21.5,6.0,u,g,aa,v,2.5,t,t,3,f,g,80,918
568,b,20.5,2.415,u,g,c,v,2.0,t,t,11,t,g,200,3000
569,a,29.5,0.46,u,g,k,v,0.54,t,t,4,f,g,380,500
570,b,29.83,1.25,y,p,k,v,0.25,f,f,0,f,g,224,0
571,b,20.08,0.25,u,g,q,v,0.125,f,f,0,f,g,200,0
572,b,23.42,0.585,u,g,c,h,0.085,t,f,0,f,g,180,0
573,a,29.58,1.75,y,p,k,v,1.25,f,f,0,t,g,280,0
574,b,16.17,0.04,u,g,c,v,0.04,f,f,0,f,g,0,0
575,b,32.33,3.5,u,g,k,v,0.5,f,f,0,t,g,232,0
576,b,47.83,4.165,u,g,x,bb,0.085,f,f,0,t,g,520,0
577,b,20.0,1.25,y,p,k,v,0.125,f,f,0,f,g,140,4
578,b,27.58,3.25,y,p,q,h,5.085,f,t,2,t,g,369,1
579,b,22.0,0.79,u,g,w,v,0.29,f,t,1,f,g,420,283
580,b,19.33,10.915,u,g,c,bb,0.585,f,t,2,t,g,200,7
581,a,38.33,4.415,u,g,c,v,0.125,f,f,0,f,g,160,0
582,b,29.42,1.25,u,g,c,h,0.25,f,t,2,t,g,400,108
583,b,22.67,0.75,u,g,i,v,1.585,f,t,1,t,g,400,9
584,b,32.25,14.0,y,p,ff,ff,0.0,f,t,2,f,g,160,1
585,b,29.58,4.75,u,g,m,v,2.0,f,t,1,t,g,460,68
586,b,18.42,10.415,y,p,aa,v,0.125,t,f,0,f,g,120,375
587,b,22.17,2.25,u,g,i,v,0.125,f,f,0,f,g,160,10
588,b,22.67,0.165,u,g,c,j,2.25,f,f,0,t,s,0,0
589,b,18.83,0.0,u,g,q,v,0.665,f,f,0,f,g,160,1
590,b,21.58,0.79,y,p,cc,v,0.665,f,f,0,f,g,160,0
591,b,23.75,12.0,u,g,c,v,2.085,f,f,0,f,s,80,0
592,b,36.08,2.54,u,g,ff,ff,0.0,f,f,0,f,g,0,1000
593,b,29.25,13.0,u,g,d,h,0.5,f,f,0,f,g,228,0
594,a,19.58,0.665,u,g,w,v,1.665,f,f,0,f,g,220,5
595,a,22.92,1.25,u,g,q,v,0.25,f,f,0,t,g,120,809
596,a,27.25,0.29,u,g,m,h,0.125,f,t,1,t,g,272,108
597,a,38.75,1.5,u,g,ff,ff,0.0,f,f,0,f,g,76,0
598,b,32.42,2.165,y,p,k,ff,0.0,f,f,0,f,g,120,0
599,a,23.75,0.71,u,g,w,v,0.25,f,t,1,t,g,240,4
600,b,18.17,2.46,u,g,c,n,0.96,f,t,2,t,g,160,587
601,b,40.92,0.5,y,p,m,v,0.5,f,f,0,t,g,130,0
602,b,19.5,9.585,u,g,aa,v,0.79,f,f,0,f,g,80,350
603,b,28.58,3.625,u,g,aa,v,0.25,f,f,0,t,g,100,0
604,b,35.58,0.75,u,g,k,v,1.5,f,f,0,t,g,231,0
605,b,34.17,2.75,u,g,i,bb,2.5,f,f,0,t,g,232,200
606,b,31.58,0.75,y,p,aa,v,3.5,f,f,0,t,g,320,0
607,a,52.5,7.0,u,g,aa,h,3.0,f,f,0,f,g,0,0
608,b,36.17,0.42,y,p,w,v,0.29,f,f,0,t,g,309,2
609,b,37.33,2.665,u,g,cc,v,0.165,f,f,0,t,g,0,501
610,a,20.83,8.5,u,g,c,v,0.165,f,f,0,f,g,0,351
611,b,24.08,9.0,u,g,aa,v,0.25,f,f,0,t,g,0,0
612,b,25.58,0.335,u,g,k,h,3.5,f,f,0,t,g,340,0
613,a,35.17,3.75,u,g,ff,ff,0.0,f,t,6,f,g,0,200
614,b,48.08,3.75,u,g,i,bb,1.0,f,f,0,f,g,100,2
615,a,15.83,7.625,u,g,q,v,0.125,f,t,1,t,g,0,160
616,a,22.5,0.415,u,g,i,v,0.335,f,f,0,t,s,144,0
617,b,21.5,11.5,u,g,i,v,0.5,t,f,0,t,g,100,68
618,a,23.58,0.83,u,g,q,v,0.415,f,t,1,t,g,200,11
619,a,21.08,5.0,y,p,ff,ff,0.0,f,f,0,f,g,0,0
620,b,25.67,3.25,u,g,c,h,2.29,f,t,1,t,g,416,21
621,a,38.92,1.665,u,g,aa,v,0.25,f,f,0,f,g,0,390
622,a,15.75,0.375,u,g,c,v,1.0,f,f,0,f,g,120,18
623,a,28.58,3.75,u,g,c,v,0.25,f,t,1,t,g,40,154
624,b,22.25,9.0,u,g,aa,v,0.085,f,f,0,f,g,0,0
625,b,29.83,3.5,u,g,c,v,0.165,f,f,0,f,g,216,0
626,a,23.5,1.5,u,g,w,v,0.875,f,f,0,t,g,160,0
627,b,32.08,4.0,y,p,cc,v,1.5,f,f,0,t,g,120,0
628,b,31.08,1.5,y,p,w,v,0.04,f,f,0,f,s,160,0
629,b,31.83,0.04,y,p,m,v,0.04,f,f,0,f,g,0,0
630,a,21.75,11.75,u,g,c,v,0.25,f,f,0,t,g,180,0
631,a,17.92,0.54,u,g,c,v,1.75,f,t,1,t,g,80,5
632,b,30.33,0.5,u,g,d,h,0.085,f,f,0,t,s,252,0
633,b,51.83,2.04,y,p,ff,ff,1.5,f,f,0,f,g,120,1
634,b,47.17,5.835,u,g,w,v,5.5,f,f,0,f,g,465,150
635,b,25.83,12.835,u,g,cc,v,0.5,f,f,0,f,g,0,2
636,a,50.25,0.835,u,g,aa,v,0.5,f,f,0,t,g,240,117
637,a,37.33,2.5,u,g,i,h,0.21,f,f,0,f,g,260,246
638,a,41.58,1.04,u,g,aa,v,0.665,f,f,0,f,g,240,237
639,a,30.58,10.665,u,g,q,h,0.085,f,t,12,t,g,129,3
640,b,19.42,7.25,u,g,m,v,0.04,f,t,1,f,g,100,1
641,a,17.92,10.21,u,g,ff,ff,0.0,f,f,0,f,g,0,50
642,a,20.08,1.25,u,g,c,v,0.0,f,f,0,f,g,0,0
643,b,19.5,0.29,u,g,k,v,0.29,f,f,0,f,g,280,364
644,b,27.83,1.0,y,p,d,h,3.0,f,f,0,f,g,176,537
645,b,17.08,3.29,u,g,i,v,0.335,f,f,0,t,g,140,2
646,b,36.42,0.75,y,p,d,v,0.585,f,f,0,f,g,240,3
647,b,40.58,3.29,u,g,m,v,3.5,f,f,0,t,s,400,0
648,b,21.08,10.085,y,p,e,h,1.25,f,f,0,f,g,260,0
649,a,22.67,0.75,u,g,c,v,2.0,f,t,2,t,g,200,394
650,a,25.25,13.5,y,p,ff,ff,2.0,f,t,1,t,g,200,1
651,b,17.92,0.205,u,g,aa,v,0.04,f,f,0,f,g,280,750
652,b,35.0,3.375,u,g,c,h,8.29,f,f,0,t,g,0,0
